sample_id,label
TEST_0000,0
TEST_0001,0
TEST_0002,1
TEST_0003,0
TEST_0004,1
TEST_0005,0
TEST_0006,1
TEST_0007,1
TEST_0008,1
TEST_0009,0
TEST_0010,1
TEST_0011,0
TEST_0012,0
TEST_0013,1
TEST_0014,0
TEST_0015,1
TEST_0016,1
TEST_0017,0
TEST_0018,1
TEST_0019,1
TEST_0020,1
TEST_0021,1
TEST_0022,1
TEST_0023,0
TEST_0024,0
TEST_0025,1
TEST_0026,1
TEST_0027,0
TEST_0028,0
TEST_0029,0
TEST_0030,0
TEST_0031,0
TEST_0032,0
TEST_0033,0
TEST_0034,0
TEST_0035,0
TEST_0036,1
TEST_0037,0
TEST_0038,0
TEST_0039,0
TEST_0040,0
TEST_0041,0
TEST_0042,0
TEST_0043,1
TEST_0044,1
TEST_0045,0
TEST_0046,0
TEST_0047,1
TEST_0048,0
TEST_0049,0
TEST_0050,1
TEST_0051,1
TEST_0052,0
TEST_0053,0
TEST_0054,0
TEST_0055,1
TEST_0056,0
TEST_0057,0
TEST_0058,0
TEST_0059,1
TEST_0060,1
TEST_0061,1
TEST_0062,0
TEST_0063,0
TEST_0064,0
TEST_0065,1
TEST_0066,1
TEST_0067,1
TEST_0068,0
TEST_0069,0
TEST_0070,0
TEST_0071,0
TEST_0072,0
TEST_0073,0
TEST_0074,0
TEST_0075,0
TEST_0076,1
TEST_0077,0
TEST_0078,0
TEST_0079,0
TEST_0080,1
TEST_0081,1
TEST_0082,0
TEST_0083,0
TEST_0084,0
TEST_0085,1
TEST_0086,1
TEST_0087,0
TEST_0088,0
TEST_0089,1
TEST_0090,0
TEST_0091,0
TEST_0092,1
TEST_0093,1
TEST_0094,1
TEST_0095,0
TEST_0096,1
TEST_0097,0
TEST_0098,0
TEST_0099,0
TEST_0100,0
TEST_0101,1
TEST_0102,1
TEST_0103,1
TEST_0104,1
TEST_0105,0
TEST_0106,0
TEST_0107,1
TEST_0108,0
TEST_0109,1
TEST_0110,1
TEST_0111,0
TEST_0112,1
TEST_0113,0
TEST_0114,0
TEST_0115,1
TEST_0116,0
TEST_0117,0
TEST_0118,1
TEST_0119,1
TEST_0120,1
TEST_0121,1
TEST_0122,1
TEST_0123,1
TEST_0124,0
TEST_0125,0
TEST_0126,1
TEST_0127,0
TEST_0128,1
TEST_0129,1
TEST_0130,0
TEST_0131,0
TEST_0132,1
TEST_0133,1
TEST_0134,1
TEST_0135,1
TEST_0136,1
TEST_0137,1
TEST_0138,1
TEST_0139,0
TEST_0140,0
TEST_0141,0
TEST_0142,0
TEST_0143,1
TEST_0144,0
TEST_0145,1
TEST_0146,1
TEST_0147,0
TEST_0148,1
TEST_0149,1
TEST_0150,0
TEST_0151,1
TEST_0152,1
TEST_0153,0
TEST_0154,0
TEST_0155,0
TEST_0156,1
TEST_0157,1
TEST_0158,0
TEST_0159,1
TEST_0160,0
TEST_0161,1
TEST_0162,0
TEST_0163,1
TEST_0164,1
TEST_0165,1
TEST_0166,1
TEST_0167,0
TEST_0168,0
TEST_0169,1
TEST_0170,0
TEST_0171,1
TEST_0172,0
TEST_0173,0
TEST_0174,1
TEST_0175,0
TEST_0176,1
TEST_0177,0
TEST_0178,0
TEST_0179,0
TEST_0180,1
TEST_0181,0
TEST_0182,0
TEST_0183,1
TEST_0184,0
TEST_0185,0
TEST_0186,0
TEST_0187,1
TEST_0188,1
TEST_0189,0
TEST_0190,0
TEST_0191,0
TEST_0192,0
TEST_0193,0
TEST_0194,0
TEST_0195,1
TEST_0196,0
TEST_0197,0
TEST_0198,1
TEST_0199,0
TEST_0200,0
TEST_0201,1
TEST_0202,0
TEST_0203,1
TEST_0204,0
TEST_0205,0
TEST_0206,0
TEST_0207,0
TEST_0208,1
TEST_0209,1
TEST_0210,0
TEST_0211,0
TEST_0212,1
TEST_0213,0
TEST_0214,0
TEST_0215,0
TEST_0216,0
TEST_0217,0
TEST_0218,1
TEST_0219,1
TEST_0220,1
TEST_0221,0
TEST_0222,1
TEST_0223,0
TEST_0224,0
TEST_0225,0
TEST_0226,1
TEST_0227,0
TEST_0228,0
TEST_0229,0
TEST_0230,0
TEST_0231,1
TEST_0232,1
TEST_0233,0
TEST_0234,1
TEST_0235,0
TEST_0236,1
TEST_0237,1
TEST_0238,0
TEST_0239,0
TEST_0240,0
TEST_0241,0
TEST_0242,0
TEST_0243,0
TEST_0244,1
TEST_0245,0
TEST_0246,0
TEST_0247,1
TEST_0248,0
TEST_0249,0
TEST_0250,0
TEST_0251,0
TEST_0252,0
TEST_0253,0
TEST_0254,1
TEST_0255,0
TEST_0256,0
TEST_0257,0
TEST_0258,0
TEST_0259,1
TEST_0260,1
TEST_0261,0
TEST_0262,1
TEST_0263,1
TEST_0264,1
TEST_0265,0
TEST_0266,0
TEST_0267,1
TEST_0268,0
TEST_0269,0
TEST_0270,0
TEST_0271,0
TEST_0272,0
TEST_0273,1
TEST_0274,0
TEST_0275,1
TEST_0276,1
TEST_0277,0
TEST_0278,1
TEST_0279,1
TEST_0280,0
TEST_0281,1
TEST_0282,1
TEST_0283,1
TEST_0284,0
TEST_0285,1
TEST_0286,1
TEST_0287,0
TEST_0288,1
TEST_0289,0
TEST_0290,0
TEST_0291,0
TEST_0292,0
TEST_0293,1
TEST_0294,1
TEST_0295,1
TEST_0296,0
TEST_0297,0
TEST_0298,0
TEST_0299,1
TEST_0300,1
TEST_0301,0
TEST_0302,0
TEST_0303,0
TEST_0304,1
TEST_0305,0
TEST_0306,1
TEST_0307,0
TEST_0308,0
TEST_0309,0
TEST_0310,1
TEST_0311,0
TEST_0312,0
TEST_0313,0
TEST_0314,1
TEST_0315,1
TEST_0316,1
TEST_0317,0
TEST_0318,1
TEST_0319,1
TEST_0320,1
TEST_0321,0
TEST_0322,0
TEST_0323,1
TEST_0324,0
TEST_0325,1
TEST_0326,1
TEST_0327,0
TEST_0328,1
TEST_0329,0
TEST_0330,1
TEST_0331,0
TEST_0332,0
TEST_0333,0
TEST_0334,0
TEST_0335,0
TEST_0336,1
TEST_0337,0
TEST_0338,1
TEST_0339,1
TEST_0340,1
TEST_0341,1
TEST_0342,0
TEST_0343,1
TEST_0344,0
TEST_0345,0
TEST_0346,1
TEST_0347,0
TEST_0348,0
TEST_0349,1
TEST_0350,1
TEST_0351,0
TEST_0352,0
TEST_0353,0
TEST_0354,1
TEST_0355,1
TEST_0356,1
TEST_0357,0
TEST_0358,0
TEST_0359,0
TEST_0360,0
TEST_0361,1
TEST_0362,0
TEST_0363,1
TEST_0364,1
TEST_0365,0
TEST_0366,1
TEST_0367,1
TEST_0368,1
TEST_0369,0
TEST_0370,0
TEST_0371,1
TEST_0372,0
TEST_0373,0
TEST_0374,0
TEST_0375,0
TEST_0376,1
TEST_0377,0
TEST_0378,1
TEST_0379,0
TEST_0380,0
TEST_0381,0
TEST_0382,1
TEST_0383,0
TEST_0384,0
TEST_0385,0
TEST_0386,1
TEST_0387,0
TEST_0388,1
TEST_0389,0
TEST_0390,0
TEST_0391,1
TEST_0392,0
TEST_0393,0
TEST_0394,0
TEST_0395,0
TEST_0396,0
TEST_0397,0
TEST_0398,0
TEST_0399,0
TEST_0400,1
TEST_0401,0
TEST_0402,0
TEST_0403,1
TEST_0404,1
TEST_0405,0
TEST_0406,0
TEST_0407,0
TEST_0408,0
TEST_0409,0
TEST_0410,0
TEST_0411,0
TEST_0412,0
TEST_0413,1
TEST_0414,0
TEST_0415,0
TEST_0416,0
TEST_0417,0
TEST_0418,1
TEST_0419,0
TEST_0420,0
TEST_0421,0
TEST_0422,1
TEST_0423,0
TEST_0424,1
TEST_0425,1
TEST_0426,0
TEST_0427,1
TEST_0428,1
TEST_0429,0
TEST_0430,0
TEST_0431,0
TEST_0432,0
TEST_0433,1
TEST_0434,1
TEST_0435,0
TEST_0436,0
TEST_0437,0
TEST_0438,0
TEST_0439,1
TEST_0440,1
TEST_0441,0
TEST_0442,0
TEST_0443,0
TEST_0444,0
TEST_0445,0
TEST_0446,1
TEST_0447,1
TEST_0448,0
TEST_0449,0
TEST_0450,0
TEST_0451,0
TEST_0452,0
TEST_0453,1
TEST_0454,1
TEST_0455,1
TEST_0456,0
TEST_0457,0
TEST_0458,0
TEST_0459,0
TEST_0460,0
TEST_0461,0
TEST_0462,0
TEST_0463,0
TEST_0464,0
TEST_0465,1
TEST_0466,0
TEST_0467,1
TEST_0468,0
TEST_0469,0
TEST_0470,0
TEST_0471,1
TEST_0472,0
TEST_0473,1
TEST_0474,0
TEST_0475,1
TEST_0476,1
TEST_0477,0
TEST_0478,0
TEST_0479,1
TEST_0480,0
TEST_0481,1
TEST_0482,1
TEST_0483,0
TEST_0484,1
TEST_0485,1
TEST_0486,1
TEST_0487,1
TEST_0488,1
TEST_0489,0
TEST_0490,1
TEST_0491,0
TEST_0492,0
TEST_0493,0
TEST_0494,0
TEST_0495,0
TEST_0496,0
TEST_0497,0
TEST_0498,0
TEST_0499,1
TEST_0500,0
TEST_0501,0
TEST_0502,0
TEST_0503,0
TEST_0504,0
TEST_0505,1
TEST_0506,0
TEST_0507,0
TEST_0508,0
TEST_0509,1
TEST_0510,0
TEST_0511,0
TEST_0512,0
TEST_0513,1
TEST_0514,0
TEST_0515,0
TEST_0516,0
TEST_0517,0
TEST_0518,1
TEST_0519,0
TEST_0520,1
TEST_0521,0
TEST_0522,0
TEST_0523,0
TEST_0524,0
TEST_0525,0
TEST_0526,0
TEST_0527,1
TEST_0528,0
TEST_0529,0
TEST_0530,1
TEST_0531,0
TEST_0532,0
TEST_0533,1
TEST_0534,0
TEST_0535,1
TEST_0536,1
TEST_0537,0
TEST_0538,0
TEST_0539,0
TEST_0540,0
TEST_0541,1
TEST_0542,1
TEST_0543,0
TEST_0544,0
TEST_0545,0
TEST_0546,0
TEST_0547,0
TEST_0548,0
TEST_0549,0
TEST_0550,0
TEST_0551,0
TEST_0552,0
TEST_0553,1
TEST_0554,1
TEST_0555,0
TEST_0556,0
TEST_0557,1
TEST_0558,0
TEST_0559,0
TEST_0560,0
TEST_0561,0
TEST_0562,1
TEST_0563,0
TEST_0564,0
TEST_0565,0
TEST_0566,1
TEST_0567,0
TEST_0568,0
TEST_0569,0
TEST_0570,0
TEST_0571,1
TEST_0572,1
TEST_0573,1
TEST_0574,0
TEST_0575,0
TEST_0576,0
TEST_0577,0
TEST_0578,1
TEST_0579,0
TEST_0580,0
TEST_0581,0
TEST_0582,1
TEST_0583,1
TEST_0584,0
TEST_0585,0
TEST_0586,1
TEST_0587,0
TEST_0588,0
TEST_0589,0
TEST_0590,1
TEST_0591,0
TEST_0592,0
TEST_0593,1
TEST_0594,0
TEST_0595,0
TEST_0596,0
TEST_0597,0
TEST_0598,0
TEST_0599,1
TEST_0600,0
TEST_0601,0
TEST_0602,0
TEST_0603,0
TEST_0604,0
TEST_0605,0
TEST_0606,0
TEST_0607,0
TEST_0608,1
TEST_0609,0
TEST_0610,1
TEST_0611,0
TEST_0612,1
TEST_0613,1
TEST_0614,0
TEST_0615,0
TEST_0616,0
TEST_0617,1
TEST_0618,0
TEST_0619,0
TEST_0620,0
TEST_0621,0
TEST_0622,1
TEST_0623,0
TEST_0624,0
TEST_0625,1
TEST_0626,1
TEST_0627,0
TEST_0628,1
TEST_0629,0
TEST_0630,1
TEST_0631,1
TEST_0632,0
TEST_0633,0
TEST_0634,1
TEST_0635,1
TEST_0636,1
TEST_0637,1
TEST_0638,0
TEST_0639,0
TEST_0640,0
TEST_0641,0
TEST_0642,1
TEST_0643,1
TEST_0644,1
TEST_0645,1
TEST_0646,1
TEST_0647,1
TEST_0648,1
TEST_0649,1
TEST_0650,0
TEST_0651,1
TEST_0652,0
TEST_0653,1
TEST_0654,0
TEST_0655,1
TEST_0656,0
TEST_0657,0
TEST_0658,0
TEST_0659,0
TEST_0660,1
TEST_0661,0
TEST_0662,1
TEST_0663,1
TEST_0664,0
TEST_0665,1
TEST_0666,0
TEST_0667,0
TEST_0668,1
TEST_0669,0
TEST_0670,0
TEST_0671,1
TEST_0672,1
TEST_0673,0
TEST_0674,0
TEST_0675,0
TEST_0676,0
TEST_0677,0
TEST_0678,0
TEST_0679,1
TEST_0680,0
TEST_0681,0
TEST_0682,0
TEST_0683,1
TEST_0684,0
TEST_0685,0
TEST_0686,0
TEST_0687,1
TEST_0688,0
TEST_0689,0
TEST_0690,1
TEST_0691,0
TEST_0692,0
TEST_0693,1
TEST_0694,1
TEST_0695,1
TEST_0696,1
TEST_0697,0
TEST_0698,0
TEST_0699,1
TEST_0700,0
TEST_0701,0
TEST_0702,0
TEST_0703,0
TEST_0704,0
TEST_0705,1
TEST_0706,1
TEST_0707,1
TEST_0708,1
TEST_0709,0
TEST_0710,0
TEST_0711,1
TEST_0712,1
TEST_0713,1
TEST_0714,1
TEST_0715,0
TEST_0716,0
TEST_0717,0
TEST_0718,0
TEST_0719,0
TEST_0720,1
TEST_0721,0
TEST_0722,0
TEST_0723,1
TEST_0724,1
TEST_0725,0
TEST_0726,1
TEST_0727,0
TEST_0728,1
TEST_0729,0
TEST_0730,0
TEST_0731,1
TEST_0732,1
TEST_0733,0
TEST_0734,0
TEST_0735,1
TEST_0736,1
TEST_0737,0
TEST_0738,0
TEST_0739,1
TEST_0740,0
TEST_0741,1
TEST_0742,1
TEST_0743,0
TEST_0744,0
TEST_0745,0
TEST_0746,0
TEST_0747,1
TEST_0748,0
TEST_0749,0
TEST_0750,1
TEST_0751,0
TEST_0752,1
TEST_0753,0
TEST_0754,1
TEST_0755,1
TEST_0756,1
TEST_0757,0
TEST_0758,0
TEST_0759,1
TEST_0760,1
TEST_0761,1
TEST_0762,1
TEST_0763,0
TEST_0764,1
TEST_0765,1
TEST_0766,1
TEST_0767,1
TEST_0768,0
TEST_0769,0
TEST_0770,1
TEST_0771,0
TEST_0772,1
TEST_0773,0
TEST_0774,0
TEST_0775,1
TEST_0776,0
TEST_0777,1
TEST_0778,1
TEST_0779,1
TEST_0780,0
TEST_0781,1
TEST_0782,1
TEST_0783,1
TEST_0784,0
TEST_0785,1
TEST_0786,0
TEST_0787,1
TEST_0788,0
TEST_0789,1
TEST_0790,0
TEST_0791,0
TEST_0792,0
TEST_0793,0
TEST_0794,0
TEST_0795,0
TEST_0796,0
TEST_0797,0
TEST_0798,0
TEST_0799,0
TEST_0800,1
TEST_0801,1
TEST_0802,1
TEST_0803,1
TEST_0804,1
TEST_0805,1
TEST_0806,0
TEST_0807,0
TEST_0808,0
TEST_0809,1
TEST_0810,0
TEST_0811,0
TEST_0812,1
TEST_0813,0
TEST_0814,0
TEST_0815,1
TEST_0816,0
TEST_0817,1
TEST_0818,0
TEST_0819,0
TEST_0820,0
TEST_0821,1
TEST_0822,0
TEST_0823,1
TEST_0824,1
TEST_0825,0
TEST_0826,0
TEST_0827,1
TEST_0828,1
TEST_0829,0
TEST_0830,1
TEST_0831,0
TEST_0832,1
TEST_0833,1
TEST_0834,1
TEST_0835,0
TEST_0836,0
TEST_0837,0
TEST_0838,1
TEST_0839,0
TEST_0840,1
TEST_0841,0
TEST_0842,0
TEST_0843,0
TEST_0844,0
TEST_0845,0
TEST_0846,0
TEST_0847,0
TEST_0848,0
TEST_0849,1
TEST_0850,1
TEST_0851,0
TEST_0852,1
TEST_0853,1
TEST_0854,0
TEST_0855,1
TEST_0856,1
TEST_0857,0
TEST_0858,0
TEST_0859,0
TEST_0860,1
TEST_0861,0
TEST_0862,0
TEST_0863,0
TEST_0864,1
TEST_0865,1
TEST_0866,0
TEST_0867,1
TEST_0868,1
TEST_0869,0
TEST_0870,0
TEST_0871,1
TEST_0872,0
TEST_0873,0
TEST_0874,0
TEST_0875,0
TEST_0876,0
TEST_0877,1
TEST_0878,0
TEST_0879,1
TEST_0880,1
TEST_0881,1
TEST_0882,0
TEST_0883,0
TEST_0884,0
TEST_0885,0
TEST_0886,1
TEST_0887,1
TEST_0888,0
TEST_0889,1
TEST_0890,0
TEST_0891,1
TEST_0892,1
TEST_0893,1
TEST_0894,1
TEST_0895,1
TEST_0896,1
TEST_0897,0
TEST_0898,0
TEST_0899,1
TEST_0900,0
TEST_0901,0
TEST_0902,1
TEST_0903,0
TEST_0904,0
TEST_0905,1
TEST_0906,1
TEST_0907,0
TEST_0908,0
TEST_0909,1
TEST_0910,0
TEST_0911,1
TEST_0912,1
TEST_0913,0
TEST_0914,0
TEST_0915,1
TEST_0916,0
TEST_0917,0
TEST_0918,0
TEST_0919,0
TEST_0920,1
TEST_0921,1
TEST_0922,1
TEST_0923,0
TEST_0924,1
TEST_0925,0
TEST_0926,0
TEST_0927,0
TEST_0928,1
TEST_0929,0
TEST_0930,1
TEST_0931,0
TEST_0932,0
TEST_0933,0
TEST_0934,0
TEST_0935,0
TEST_0936,1
TEST_0937,1
TEST_0938,1
TEST_0939,1
TEST_0940,0
TEST_0941,0
TEST_0942,0
TEST_0943,0
TEST_0944,0
TEST_0945,0
TEST_0946,0
TEST_0947,0
TEST_0948,1
TEST_0949,0
TEST_0950,0
TEST_0951,0
TEST_0952,0
TEST_0953,1
TEST_0954,1
TEST_0955,1
TEST_0956,0
TEST_0957,0
TEST_0958,1
TEST_0959,0
TEST_0960,0
TEST_0961,1
TEST_0962,0
TEST_0963,0
TEST_0964,0
TEST_0965,1
TEST_0966,1
TEST_0967,0
TEST_0968,0
TEST_0969,0
TEST_0970,1
TEST_0971,0
TEST_0972,0
TEST_0973,1
TEST_0974,1
TEST_0975,0
TEST_0976,1
TEST_0977,0
TEST_0978,0
TEST_0979,0
TEST_0980,0
TEST_0981,1
TEST_0982,0
TEST_0983,0
TEST_0984,0
TEST_0985,0
TEST_0986,0
TEST_0987,1
TEST_0988,1
TEST_0989,0
TEST_0990,1
TEST_0991,0
TEST_0992,0
TEST_0993,0
TEST_0994,1
TEST_0995,1
TEST_0996,1
TEST_0997,1
TEST_0998,1
TEST_0999,1
TEST_1000,0
TEST_1001,0
TEST_1002,1
TEST_1003,1
TEST_1004,1
TEST_1005,0
TEST_1006,0
TEST_1007,0
TEST_1008,1
TEST_1009,1
TEST_1010,0
TEST_1011,1
TEST_1012,1
TEST_1013,1
TEST_1014,1
TEST_1015,0
TEST_1016,1
TEST_1017,1
TEST_1018,1
TEST_1019,0
TEST_1020,0
TEST_1021,0
TEST_1022,0
TEST_1023,0
TEST_1024,0
TEST_1025,1
TEST_1026,0
TEST_1027,1
TEST_1028,0
TEST_1029,1
TEST_1030,0
TEST_1031,1
TEST_1032,1
TEST_1033,0
TEST_1034,0
TEST_1035,1
TEST_1036,0
TEST_1037,1
TEST_1038,0
TEST_1039,1
TEST_1040,1
TEST_1041,0
TEST_1042,1
TEST_1043,0
TEST_1044,0
TEST_1045,0
TEST_1046,0
TEST_1047,0
TEST_1048,1
TEST_1049,0
TEST_1050,0
TEST_1051,0
TEST_1052,1
TEST_1053,0
TEST_1054,1
TEST_1055,0
TEST_1056,0
TEST_1057,0
TEST_1058,1
TEST_1059,0
TEST_1060,0
TEST_1061,0
TEST_1062,0
TEST_1063,1
TEST_1064,1
TEST_1065,1
TEST_1066,0
TEST_1067,0
TEST_1068,0
TEST_1069,1
TEST_1070,0
TEST_1071,0
TEST_1072,0
TEST_1073,1
TEST_1074,0
TEST_1075,0
TEST_1076,0
TEST_1077,0
TEST_1078,1
TEST_1079,0
TEST_1080,0
TEST_1081,0
TEST_1082,0
TEST_1083,0
TEST_1084,0
TEST_1085,0
TEST_1086,0
TEST_1087,0
TEST_1088,1
TEST_1089,0
TEST_1090,1
TEST_1091,0
TEST_1092,0
TEST_1093,1
TEST_1094,1
TEST_1095,1
TEST_1096,0
TEST_1097,0
TEST_1098,0
TEST_1099,0
TEST_1100,0
TEST_1101,0
TEST_1102,1
TEST_1103,0
TEST_1104,0
TEST_1105,0
TEST_1106,1
TEST_1107,0
TEST_1108,0
TEST_1109,1
TEST_1110,1
TEST_1111,0
TEST_1112,0
TEST_1113,0
TEST_1114,1
TEST_1115,0
TEST_1116,0
TEST_1117,0
TEST_1118,0
TEST_1119,1
TEST_1120,1
TEST_1121,1
TEST_1122,1
TEST_1123,1
TEST_1124,0
TEST_1125,0
TEST_1126,0
TEST_1127,0
TEST_1128,1
TEST_1129,0
TEST_1130,1
TEST_1131,1
TEST_1132,1
TEST_1133,0
TEST_1134,1
TEST_1135,0
TEST_1136,0
TEST_1137,0
TEST_1138,1
TEST_1139,0
TEST_1140,0
TEST_1141,1
TEST_1142,1
TEST_1143,1
TEST_1144,1
TEST_1145,0
TEST_1146,1
TEST_1147,1
TEST_1148,0
TEST_1149,0
TEST_1150,1
TEST_1151,0
TEST_1152,1
TEST_1153,1
TEST_1154,0
TEST_1155,1
TEST_1156,1
TEST_1157,0
TEST_1158,0
TEST_1159,0
TEST_1160,1
TEST_1161,1
TEST_1162,1
TEST_1163,1
TEST_1164,0
TEST_1165,1
TEST_1166,0
TEST_1167,1
TEST_1168,1
TEST_1169,1
TEST_1170,0
TEST_1171,0
TEST_1172,0
TEST_1173,0
TEST_1174,1
TEST_1175,0
TEST_1176,0
TEST_1177,0
TEST_1178,1
TEST_1179,0
TEST_1180,0
TEST_1181,0
TEST_1182,1
TEST_1183,1
TEST_1184,0
TEST_1185,1
TEST_1186,0
TEST_1187,0
TEST_1188,0
TEST_1189,1
TEST_1190,0
TEST_1191,1
TEST_1192,1
TEST_1193,1
TEST_1194,0
TEST_1195,0
TEST_1196,0
TEST_1197,1
TEST_1198,0
TEST_1199,0
TEST_1200,0
TEST_1201,0
TEST_1202,0
TEST_1203,0
TEST_1204,0
TEST_1205,0
TEST_1206,0
TEST_1207,1
TEST_1208,0
TEST_1209,1
TEST_1210,1
TEST_1211,1
TEST_1212,0
TEST_1213,0
TEST_1214,0
TEST_1215,0
TEST_1216,0
TEST_1217,0
TEST_1218,1
TEST_1219,0
TEST_1220,1
TEST_1221,0
TEST_1222,1
TEST_1223,1
TEST_1224,1
TEST_1225,0
TEST_1226,0
TEST_1227,0
TEST_1228,0
TEST_1229,0
TEST_1230,1
TEST_1231,0
TEST_1232,0
TEST_1233,1
TEST_1234,0
TEST_1235,0
TEST_1236,0
TEST_1237,0
TEST_1238,0
TEST_1239,0
TEST_1240,0
TEST_1241,1
TEST_1242,0
TEST_1243,1
TEST_1244,1
TEST_1245,0
TEST_1246,1
TEST_1247,0
TEST_1248,0
TEST_1249,1
TEST_1250,0
TEST_1251,0
TEST_1252,1
TEST_1253,0
TEST_1254,1
TEST_1255,1
TEST_1256,0
TEST_1257,1
TEST_1258,1
TEST_1259,0
TEST_1260,0
TEST_1261,0
TEST_1262,0
TEST_1263,1
TEST_1264,0
TEST_1265,0
TEST_1266,1
TEST_1267,1
TEST_1268,0
TEST_1269,0
TEST_1270,0
TEST_1271,0
TEST_1272,1
TEST_1273,0
TEST_1274,1
TEST_1275,0
TEST_1276,1
TEST_1277,0
TEST_1278,0
TEST_1279,1
TEST_1280,0
TEST_1281,1
TEST_1282,0
TEST_1283,0
TEST_1284,0
TEST_1285,1
TEST_1286,1
TEST_1287,0
TEST_1288,1
TEST_1289,1
TEST_1290,1
TEST_1291,0
TEST_1292,1
TEST_1293,0
TEST_1294,1
TEST_1295,1
TEST_1296,0
TEST_1297,1
TEST_1298,1
TEST_1299,1
TEST_1300,1
TEST_1301,0
TEST_1302,1
TEST_1303,1
TEST_1304,0
TEST_1305,0
TEST_1306,1
TEST_1307,0
TEST_1308,1
TEST_1309,0
TEST_1310,1
TEST_1311,0
TEST_1312,1
TEST_1313,1
TEST_1314,0
TEST_1315,0
TEST_1316,0
TEST_1317,0
TEST_1318,0
TEST_1319,1
TEST_1320,1
TEST_1321,1
TEST_1322,0
TEST_1323,0
TEST_1324,1
TEST_1325,0
TEST_1326,0
TEST_1327,0
TEST_1328,1
TEST_1329,1
TEST_1330,1
TEST_1331,1
TEST_1332,0
TEST_1333,0
TEST_1334,0
TEST_1335,0
TEST_1336,0
TEST_1337,0
TEST_1338,0
TEST_1339,0
TEST_1340,0
TEST_1341,0
TEST_1342,0
TEST_1343,1
TEST_1344,0
TEST_1345,1
TEST_1346,1
TEST_1347,0
TEST_1348,0
TEST_1349,0
TEST_1350,0
TEST_1351,0
TEST_1352,0
TEST_1353,0
TEST_1354,0
TEST_1355,0
TEST_1356,1
TEST_1357,0
TEST_1358,0
TEST_1359,0
TEST_1360,0
TEST_1361,0
TEST_1362,0
TEST_1363,1
TEST_1364,0
TEST_1365,1
TEST_1366,1
TEST_1367,0
TEST_1368,0
TEST_1369,1
TEST_1370,1
TEST_1371,1
TEST_1372,0
TEST_1373,0
TEST_1374,0
TEST_1375,1
TEST_1376,1
TEST_1377,0
TEST_1378,0
TEST_1379,0
TEST_1380,0
TEST_1381,0
TEST_1382,0
TEST_1383,1
TEST_1384,0
TEST_1385,0
TEST_1386,0
TEST_1387,1
TEST_1388,1
TEST_1389,0
TEST_1390,0
TEST_1391,0
TEST_1392,1
TEST_1393,1
TEST_1394,1
TEST_1395,1
TEST_1396,0
TEST_1397,0
TEST_1398,1
TEST_1399,0
TEST_1400,0
TEST_1401,0
TEST_1402,0
TEST_1403,0
TEST_1404,0
TEST_1405,1
TEST_1406,0
TEST_1407,1
TEST_1408,0
TEST_1409,1
TEST_1410,1
TEST_1411,1
TEST_1412,0
TEST_1413,1
TEST_1414,0
TEST_1415,1
TEST_1416,0
TEST_1417,0
TEST_1418,1
TEST_1419,0
TEST_1420,0
TEST_1421,1
TEST_1422,0
TEST_1423,0
TEST_1424,0
TEST_1425,0
TEST_1426,1
TEST_1427,1
TEST_1428,0
TEST_1429,0
TEST_1430,0
TEST_1431,0
TEST_1432,0
TEST_1433,0
TEST_1434,0
TEST_1435,0
TEST_1436,1
TEST_1437,1
TEST_1438,1
TEST_1439,1
TEST_1440,0
TEST_1441,1
TEST_1442,1
TEST_1443,1
TEST_1444,1
TEST_1445,0
TEST_1446,0
TEST_1447,0
TEST_1448,1
TEST_1449,0
TEST_1450,1
TEST_1451,0
TEST_1452,0
TEST_1453,1
TEST_1454,1
TEST_1455,1
TEST_1456,1
TEST_1457,1
TEST_1458,0
TEST_1459,0
TEST_1460,1
TEST_1461,0
TEST_1462,1
TEST_1463,1
TEST_1464,0
TEST_1465,0
TEST_1466,0
TEST_1467,1
TEST_1468,0
TEST_1469,1
TEST_1470,0
TEST_1471,0
TEST_1472,0
TEST_1473,0
TEST_1474,0
TEST_1475,1
TEST_1476,1
TEST_1477,0
TEST_1478,0
TEST_1479,1
TEST_1480,0
TEST_1481,1
TEST_1482,1
TEST_1483,1
TEST_1484,0
TEST_1485,1
TEST_1486,0
TEST_1487,1
TEST_1488,0
TEST_1489,0
TEST_1490,1
TEST_1491,0
TEST_1492,0
TEST_1493,0
TEST_1494,0
TEST_1495,0
TEST_1496,1
TEST_1497,0
TEST_1498,0
TEST_1499,0
TEST_1500,0
TEST_1501,1
TEST_1502,1
TEST_1503,1
TEST_1504,0
TEST_1505,0
TEST_1506,0
TEST_1507,1
TEST_1508,0
TEST_1509,0
TEST_1510,1
TEST_1511,0
TEST_1512,0
TEST_1513,0
TEST_1514,1
TEST_1515,1
TEST_1516,0
TEST_1517,0
TEST_1518,1
TEST_1519,0
TEST_1520,1
TEST_1521,1
TEST_1522,1
TEST_1523,1
TEST_1524,0
TEST_1525,1
TEST_1526,0
TEST_1527,1
TEST_1528,0
TEST_1529,0
TEST_1530,0
TEST_1531,1
TEST_1532,0
TEST_1533,0
TEST_1534,0
TEST_1535,1
TEST_1536,1
TEST_1537,1
TEST_1538,0
TEST_1539,0
TEST_1540,0
TEST_1541,0
TEST_1542,0
TEST_1543,0
TEST_1544,0
TEST_1545,0
TEST_1546,0
TEST_1547,1
TEST_1548,0
TEST_1549,0
TEST_1550,1
TEST_1551,0
TEST_1552,1
TEST_1553,1
TEST_1554,0
TEST_1555,1
TEST_1556,1
TEST_1557,1
TEST_1558,1
TEST_1559,1
TEST_1560,0
TEST_1561,0
TEST_1562,1
TEST_1563,0
TEST_1564,0
TEST_1565,0
TEST_1566,1
TEST_1567,0
TEST_1568,0
TEST_1569,0
TEST_1570,0
TEST_1571,0
TEST_1572,1
TEST_1573,1
TEST_1574,0
TEST_1575,1
TEST_1576,0
TEST_1577,0
TEST_1578,1
TEST_1579,0
TEST_1580,0
TEST_1581,0
TEST_1582,0
TEST_1583,0
TEST_1584,0
TEST_1585,0
TEST_1586,1
TEST_1587,0
TEST_1588,0
TEST_1589,1
TEST_1590,0
TEST_1591,0
TEST_1592,0
TEST_1593,1
TEST_1594,0
TEST_1595,0
TEST_1596,0
TEST_1597,0
TEST_1598,0
TEST_1599,1
TEST_1600,0
TEST_1601,0
TEST_1602,1
TEST_1603,1
TEST_1604,0
TEST_1605,0
TEST_1606,0
TEST_1607,1
TEST_1608,1
TEST_1609,1
TEST_1610,0
TEST_1611,1
TEST_1612,0
TEST_1613,0
TEST_1614,0
TEST_1615,1
TEST_1616,1
TEST_1617,0
TEST_1618,0
TEST_1619,0
TEST_1620,0
TEST_1621,0
TEST_1622,1
TEST_1623,0
TEST_1624,0
TEST_1625,0
TEST_1626,1
TEST_1627,1
TEST_1628,0
TEST_1629,0
TEST_1630,1
TEST_1631,0
TEST_1632,1
TEST_1633,0
TEST_1634,0
TEST_1635,0
TEST_1636,1
TEST_1637,0
TEST_1638,0
TEST_1639,1
TEST_1640,1
TEST_1641,0
TEST_1642,0
TEST_1643,0
TEST_1644,0
TEST_1645,1
TEST_1646,1
TEST_1647,1
TEST_1648,0
TEST_1649,0
TEST_1650,0
TEST_1651,1
TEST_1652,0
TEST_1653,0
TEST_1654,1
TEST_1655,0
TEST_1656,1
TEST_1657,0
TEST_1658,0
TEST_1659,0
TEST_1660,0
TEST_1661,1
TEST_1662,1
TEST_1663,1
TEST_1664,0
TEST_1665,1
TEST_1666,0
TEST_1667,0
TEST_1668,1
TEST_1669,0
TEST_1670,0
TEST_1671,0
TEST_1672,1
TEST_1673,1
TEST_1674,1
TEST_1675,1
TEST_1676,0
TEST_1677,0
TEST_1678,0
TEST_1679,0
TEST_1680,0
TEST_1681,1
TEST_1682,0
TEST_1683,1
TEST_1684,1
TEST_1685,1
TEST_1686,1
TEST_1687,1
TEST_1688,1
TEST_1689,0
TEST_1690,0
TEST_1691,1
TEST_1692,0
TEST_1693,0
TEST_1694,1
TEST_1695,0
TEST_1696,0
TEST_1697,0
TEST_1698,0
TEST_1699,0
TEST_1700,0
TEST_1701,0
TEST_1702,1
TEST_1703,0
TEST_1704,1
TEST_1705,1
TEST_1706,0
TEST_1707,1
TEST_1708,1
TEST_1709,0
TEST_1710,1
TEST_1711,0
TEST_1712,0
TEST_1713,0
TEST_1714,1
TEST_1715,0
TEST_1716,1
TEST_1717,0
TEST_1718,1
TEST_1719,0
TEST_1720,1
TEST_1721,1
TEST_1722,0
TEST_1723,0
TEST_1724,0
TEST_1725,0
TEST_1726,1
TEST_1727,0
TEST_1728,1
TEST_1729,1
TEST_1730,0
TEST_1731,0
TEST_1732,0
TEST_1733,0
TEST_1734,1
TEST_1735,1
TEST_1736,0
TEST_1737,0
TEST_1738,1
TEST_1739,0
TEST_1740,1
TEST_1741,1
TEST_1742,0
TEST_1743,0
TEST_1744,0
TEST_1745,0
TEST_1746,0
TEST_1747,0
TEST_1748,0
TEST_1749,1
TEST_1750,0
TEST_1751,0
TEST_1752,1
TEST_1753,1
TEST_1754,0
TEST_1755,0
TEST_1756,0
TEST_1757,0
TEST_1758,1
TEST_1759,0
TEST_1760,0
TEST_1761,1
TEST_1762,0
TEST_1763,1
TEST_1764,0
TEST_1765,1
TEST_1766,0
TEST_1767,1
TEST_1768,0
TEST_1769,1
TEST_1770,1
TEST_1771,0
TEST_1772,0
TEST_1773,0
TEST_1774,0
TEST_1775,0
TEST_1776,1
TEST_1777,1
TEST_1778,0
TEST_1779,1
TEST_1780,0
TEST_1781,0
TEST_1782,1
TEST_1783,0
TEST_1784,1
TEST_1785,0
TEST_1786,0
TEST_1787,1
TEST_1788,1
TEST_1789,1
TEST_1790,1
TEST_1791,1
TEST_1792,0
TEST_1793,1
TEST_1794,0
TEST_1795,0
TEST_1796,0
TEST_1797,0
TEST_1798,0
TEST_1799,0
